volume_id;journal_id
v001;13024828
v002;13024828
v003;13024828
v004;13024828
v005;13024828
v006;13024828
v007;13024828
v008;13024835
v009;13024835
v010;13024835
v011;13024835
v012;13024835
v013;13024835
v014;13024835
v015;13024842
v016;13024842
v017;13024842
v018;13024842
v019;13024842
v020;13024842
v021;13024842