volume_id;volume;year
v001;69;2017
v002;70;2018
v003;71;2019
v004;72;2020
v005;73;2021
v006;74;2022
v007;75;2023
v008;13;2017
v009;14;2018
v010;15;2019
v011;16;2020
v012;17;2021
v013;18;2022
v014;19;2023
v015;42;2017
v016;43;2018
v017;44;2019
v018;45;2020
v019;46;2021
v020;47;2022
v021;48;2023